,AAPL,MSFT,SPY
AAPL,1.0,0.45816407131300557,0.5451741404360482
MSFT,0.45816407131300557,1.0,0.604049304257672
SPY,0.5451741404360482,0.604049304257672,1.0
