Asset,Max_Sharpe_Weight,Min_Vol_Weight
AAPL,0.5383505550167608,0.0014211069688950442
MSFT,0.09699805010694967,0.026148313607813937
SPY,0.3646513948762895,0.972430579423291
